{"_runtime":312.491255942,"_step":840,"error":0.0035475564654916525,"_wandb":{"runtime":312},"sample":840,"_timestamp":1.734093017177554e+09}