{"sample":727,"_timestamp":1.7340919361898363e+09,"_runtime":282.211246625,"_step":727,"_wandb":{"runtime":282},"error":0.0058478680439293385}