{"_runtime":359.290937484,"_step":921,"error":0.038107190281152725,"sample":921,"_wandb":{"runtime":359},"_timestamp":1.7340916472606225e+09}