{"_timestamp":1.7340876299983046e+09,"_runtime":368.747882166,"_step":403,"_wandb":{"runtime":368},"error":0.00016035301086958498,"sample":403}