{"_step":499,"error":0.07728870213031769,"_wandb":{"runtime":196},"sample":499,"_timestamp":1.7341035182430863e+09,"_runtime":196.005720972}