{"_step":999,"_wandb":{"runtime":577},"error":0.007939314469695091,"sample":999,"_timestamp":1.7340998247087007e+09,"_runtime":577.214994071}