{"_wandb":{"runtime":290},"_timestamp":1.7341260353559866e+09,"_runtime":290.329950699,"_step":499,"error":0.04903677850961685,"sample":499}