{"_timestamp":1.7341015875354028e+09,"_runtime":195.692561041,"_step":499,"error":0.014217237941920757,"_wandb":{"runtime":195},"sample":499}