{"error":0.00011640654702205211,"_wandb":{"runtime":9},"sqrd_frob_norm_wpb_wpi":131.05914306640625,"sqrd_frob_norm_wpf_wip":134.16287231445312,"sample":9,"_timestamp":1.7341269411574624e+09,"_runtime":9.554019705,"_step":9}