{"_wandb":{"runtime":106},"error":0.10405132919549942,"sample":241,"_timestamp":1.7341261506058354e+09,"_runtime":106.352002939,"_step":241}