{"_step":545,"error":0.01235998421907425,"sample":545,"_timestamp":1.7340869047061226e+09,"_wandb":{"runtime":322},"_runtime":322.68623692}