{"_runtime":290.842658535,"_step":499,"_wandb":{"runtime":290},"error":0.03377170115709305,"sample":499,"_timestamp":1.73410284599955e+09}