{"sqrd_frob_norm_wpb_wpi":121.97966003417969,"sqrd_frob_norm_wpf_wip":143.37030029296875,"sample":9999,"_timestamp":1.7341793661641717e+09,"_runtime":9036.287342212,"_step":9999,"_wandb":{"runtime":9036},"error":7.887390529504046e-05}