{"_wandb":{"runtime":258},"_step":959,"error":0.02034629136323929,"sample":959,"_timestamp":1.734101348290421e+09,"_runtime":258.601617062}