{"error":0.0001452315627830103,"sample":999,"_timestamp":1.7340988508594663e+09,"_runtime":939.725271849,"_wandb":{"runtime":939},"_step":999}