{"_step":791,"error":0.02052411437034607,"_wandb":{"runtime":343},"sample":791,"_timestamp":1.7340933676295335e+09,"_runtime":343.592067156}