{"sample":816,"_timestamp":1.734091281097828e+09,"_runtime":481.54222734,"_wandb":{"runtime":481},"_step":816,"error":0.02561415731906891}