{"error":0.00011082329001510516,"sqrd_frob_norm_wpb_wpi":134.7569580078125,"sqrd_frob_norm_wpf_wip":139.03990173339844,"_wandb":{"runtime":6},"sample":8,"_timestamp":1.7343762628745263e+09,"_runtime":6.024052721,"_step":8}