{"error":0.022076571360230446,"sample":577,"_timestamp":1.734093693236001e+09,"_wandb":{"runtime":319},"_runtime":319.233379302,"_step":577}