{"error":0.030201589688658714,"sample":678,"_timestamp":1.734092700497353e+09,"_runtime":387.506966962,"_wandb":{"runtime":387},"_step":678}