{"_timestamp":1.734104179764606e+09,"_runtime":203.464821995,"_step":499,"_wandb":{"runtime":203},"error":0.058716874569654465,"sample":499}