{"error":0.00012510361557360739,"sample":499,"_timestamp":1.7341025494300187e+09,"_wandb":{"runtime":478},"_runtime":478.285380745,"_step":499}