{"sample":499,"_timestamp":1.7341033159891737e+09,"_runtime":225.442764329,"_step":499,"_wandb":{"runtime":225},"error":0.035921599715948105}