{"sample":669,"_timestamp":1.7340939899880707e+09,"_runtime":291.833625983,"_step":669,"_wandb":{"runtime":291},"error":0.010681266896426678}