{"error":0.01570899412035942,"sample":999,"_timestamp":1.7341008963554366e+09,"_runtime":604.789639364,"_wandb":{"runtime":604},"_step":999}