{"_wandb":{"runtime":9},"_step":9,"error":0.0001650035846978426,"sqrd_frob_norm_wpb_wpi":133.4784698486328,"sqrd_frob_norm_wpf_wip":141.68199157714844,"sample":9,"_timestamp":1.7341269257795994e+09,"_runtime":9.73645939}