{"sqrd_frob_norm_wpb_wpi":128.25369262695312,"sqrd_frob_norm_wpf_wip":150.35585021972656,"_wandb":{"runtime":8834},"sample":9999,"_timestamp":1.734170324851995e+09,"_runtime":8834.012575054,"_step":9999,"error":0.00027302317903377116}