{"_runtime":283.045540353,"_step":609,"error":0.02311057783663273,"_wandb":{"runtime":283},"sample":609,"_timestamp":1.734090793331592e+09}