{"_runtime":112.078455669,"_step":256,"error":0.009257773868739605,"sample":256,"_wandb":{"runtime":112},"_timestamp":1.7340880008045504e+09}