{"_step":597,"_wandb":{"runtime":344},"error":0.012782329693436623,"sample":597,"_timestamp":1.7340872561819286e+09,"_runtime":344.840594561}