{"_runtime":203.340338174,"_step":499,"error":0.056563764810562134,"sample":499,"_timestamp":1.7341039685968857e+09,"_wandb":{"runtime":203}}