{"_runtime":234.989235302,"_step":499,"_wandb":{"runtime":234},"error":0.03933890908956528,"sample":499,"_timestamp":1.7341037580574749e+09}