{"_wandb":{"runtime":376},"error":0.008058813400566578,"sample":999,"_timestamp":1.7340992348319159e+09,"_runtime":376.726972687,"_step":999}