{"sample":9999,"_timestamp":1.7341614846349442e+09,"_runtime":8796.327414001,"_step":9999,"error":9.018103446578607e-05,"sqrd_frob_norm_wpb_wpi":133.7101593017578,"sqrd_frob_norm_wpf_wip":156.05967712402344,"_wandb":{"runtime":8796}}