{"_timestamp":1.734087876099666e+09,"_wandb":{"runtime":239},"_runtime":239.229949455,"_step":269,"error":0.000199261266971007,"sample":269}