{"sample":636,"_timestamp":1.734092307289476e+09,"_wandb":{"runtime":364},"_runtime":364.888366643,"_step":636,"error":0.08966391533613205}