{"_step":499,"error":0.0052616773173213005,"sample":499,"_timestamp":1.7341030843663595e+09,"_wandb":{"runtime":225},"_runtime":225.691288187}