{"_wandb":{"runtime":951},"sample":999,"_timestamp":1.7343773108474042e+09,"_runtime":950.409724685,"_step":999,"error":0.00010435249714646488,"sqrd_frob_norm_wpb_wpi":135.1550750732422,"sqrd_frob_norm_wpf_wip":139.03990173339844}