{"_runtime":449.844817368,"_step":999,"_wandb":{"runtime":449},"error":0.010691468603909016,"sample":999,"_timestamp":1.7341002789200578e+09}