{"_wandb":{"runtime":474},"error":7.802146865287796e-05,"sample":499,"_timestamp":1.7341020666335654e+09,"_runtime":474.102133739,"_step":499}