{"sqrd_frob_norm_wpb_wpi":149.06915283203125,"sqrd_frob_norm_wpf_wip":126.83741760253906,"sample":9999,"_timestamp":1.7341358766386364e+09,"_runtime":9652.23262202,"_wandb":{"runtime":9652},"_step":9999,"error":0.000162602387717925}