{"error":0.00026788798277266324,"sqrd_frob_norm_wpb_wpi":133.5480499267578,"sqrd_frob_norm_wpf_wip":141.15667724609375,"sample":9999,"_timestamp":1.7341883399228995e+09,"_wandb":{"runtime":8970},"_runtime":8970.737669169,"_step":9999}